#mass,x,y,z,vx,vy,vz
#(1.98892e+30 * system.get('S.I.').base('mass')),(3.08567758128e+16 * system.get('S.I.').base('length')),(3.08567758128e+16 * system.get('S.I.').base('length')),(3.08567758128e+16 * system.get('S.I.').base('length')),((1000.0 * system.get('S.I.').base('length')) * (system.get('S.I.').base('time')**-1)),((1000.0 * system.get('S.I.').base('length')) * (system.get('S.I.').base('time')**-1)),((1000.0 * system.get('S.I.').base('length')) * (system.get('S.I.').base('time')**-1))
#MSun,parsec,parsec,parsec,kms,kms,kms
345000.0,5177.09313438,3091.12542943,7405.5427447,94.22353518,-37.0070761156,-67.1916991428
0.65,5414.34593139,2937.40973021,6929.28173122,88.6821699152,-37.1992818843,-77.2468194197
0.65,5369.72282331,3063.63312994,6918.27469661,84.3049674031,-42.1165935257,-79.2389471203
0.65,5403.70324103,3006.21796168,6861.892838,82.9430503872,-42.6534670876,-81.508302991
0.65,5206.92054698,3107.7925063,7174.00488801,89.7563681798,-41.9671397179,-70.834406854
0.65,5088.30587177,3184.52816863,7237.3649395,89.8084369815,-41.4363415368,-71.8065308138
0.65,5095.37138048,2894.61136165,7118.80003213,84.7755211645,-40.8900271224,-79.3517588056
0.65,5304.89227923,2944.92730174,6876.61477122,85.5669727174,-42.8968264939,-82.1923022084
0.65,5046.02821741,2967.55478273,7156.27437484,85.1714701631,-39.7306708651,-77.8773602374
0.65,5041.58614283,3073.29941985,7250.46204941,92.1997018955,-41.8064949259,-72.3075510272
0.65,5109.27143329,3039.0717168,7114.40089192,84.4946151456,-41.1066305668,-77.2237757487
0.65,5345.25945285,3054.95359134,6943.63722686,83.3179572016,-42.3084034544,-79.6211123996
0.65,5472.27747464,2831.10930455,6791.67078601,85.7199316635,-41.9458321494,-82.1496665804
0.65,5300.19536717,2868.98479536,6873.20252852,84.4177515618,-40.804284417,-83.3008734414
0.65,5385.73000829,2820.82204097,6846.2290889,86.9594059409,-42.8832768678,-81.8376887326
0.65,5447.66066921,2968.79642266,6830.63935073,85.2027415874,-42.3668502598,-80.6438624748
0.65,5269.85309507,3149.1574847,6944.72173238,89.181978879,-41.9402999577,-77.0412953899
0.65,5381.63479636,3008.01630978,6834.73275039,81.4872208649,-42.7622134145,-82.8820306076
0.65,5233.31145343,2804.96100707,6993.94677883,86.7533120215,-39.9910297244,-80.7588763175
0.65,5020.39118103,2970.08280124,7256.7255018,93.8671277438,-37.7899466949,-73.9109137196
0.65,5084.22213158,2897.12513881,7185.19567747,89.7363390927,-37.8271209082,-77.1975064116
0.65,5342.88575667,3030.40326938,6754.89262575,81.7145313712,-42.1075561317,-85.1506159141
0.65,5250.44504756,2866.72122736,6935.39538612,85.2710105979,-42.808978208,-82.3009713584
0.65,5311.2900704,3067.29896437,6893.11478825,89.2245017239,-42.5808992352,-77.1136949758
0.65,5363.7403938,2962.14009047,6837.01916535,85.0441561528,-42.9086490374,-82.2612905779
0.65,5398.57833944,2977.52109273,6805.28460044,83.2805219248,-42.7842231451,-82.9824434536
0.65,5123.3935963,2830.98733008,7092.70524851,85.7547837448,-41.2827189586,-80.352202147
0.65,5397.59096397,2988.09294005,6686.78511629,80.8352833838,-41.5482858982,-86.9901557783
0.65,5247.36952263,3016.2716481,6994.58621886,82.9627265875,-42.4868032236,-80.0725423421
0.65,5255.66533246,3005.15295172,6878.28138509,83.5799577694,-41.8791242611,-82.9874689423
0.65,5071.53391311,3147.47932343,7108.28367465,87.182183794,-40.0407575402,-78.1190767407
0.65,5275.8071987,3050.66103579,6985.24092456,86.58660868,-42.5915125991,-78.3820405778
0.65,5073.19613134,3207.04920322,7137.10219088,89.1252304695,-40.5943048245,-76.5479382746
0.65,5235.22147006,3020.09265569,6949.72457648,82.2912396739,-42.0913987065,-81.4047384835
0.65,5098.45791374,3008.20412011,7114.73002142,94.5454104966,-37.4811976796,-74.6482528225
0.65,5230.58586805,3165.78791209,6935.66443249,85.5685795091,-41.1655988498,-79.6064244913
0.65,5211.74502918,3063.94083843,6943.82089205,84.5405010371,-41.67060627,-81.1161515014
0.65,5137.75047576,2866.42433903,7096.57276098,87.2220559061,-39.5894845388,-79.8049643724
0.65,5332.64769747,2833.47386274,6883.6040664,89.1812090444,-43.8751107289,-77.4325838485
0.65,5001.91501021,3272.18282961,7342.85792237,89.0160778302,-31.3671992097,-68.8439824063
0.65,5249.17273412,3112.66542393,7154.63621499,86.9688434508,-41.8098847986,-73.7725391959
0.65,5299.32507908,2900.10175539,6848.75013507,83.5497365528,-41.5608556795,-84.9496495933
0.65,5025.06363572,3008.96589458,7198.53361739,88.1246460955,-37.3425347902,-77.0960225467
0.65,5254.25094301,2763.12230999,6961.22460121,86.0577603203,-41.9901856185,-82.1159168817
0.65,5251.86320021,3047.06634332,6932.5032882,84.3434907502,-42.2522616548,-80.9679102703
0.65,5167.55388214,3201.74264924,6976.03152318,87.061672294,-40.8299927205,-79.6141781842
0.65,5173.01547335,3048.96791838,7038.90235747,85.6792143775,-42.1954880244,-78.869345631
0.65,4903.34133107,3309.89481529,7827.00182149,100.782730818,-35.1932277081,-54.7034913941
0.65,5178.37844767,3030.97269283,7026.71176137,85.1090224008,-42.1718774685,-79.4389805275
0.65,5255.37574264,2791.52669714,6982.13446804,87.215991915,-39.7911262824,-80.6148921738
0.65,5471.01783166,2894.18020335,6816.00610745,85.962674803,-42.3257700043,-80.9202577355
0.65,5058.08757249,3177.44040468,7251.6372678,90.387717756,-41.4282787392,-72.7819804853
0.65,4792.77109208,3603.32813964,8486.2230572,101.209727018,-28.918801737,-44.33321746
0.65,5071.86005511,2986.2724551,7103.54025349,85.3680830435,-40.5093670743,-78.8918316718
0.65,5214.11995926,3149.71320206,7013.57824389,88.2102054284,-41.7312638209,-76.7735066728
0.65,5140.64089146,2965.83116055,7076.6533572,83.7813370114,-41.9155147731,-79.377517412
0.65,5122.3585718,3140.88534482,7155.17172495,87.6504431024,-41.7251166483,-74.7137014616
0.65,5247.31289545,3030.4862546,6947.20982366,83.7737634834,-42.3255234965,-80.9329916274
0.65,5205.33015628,3076.4285246,6985.89219611,85.6800936307,-42.0312611936,-79.642028731
0.65,5283.66624608,3036.3831176,7024.02548059,89.0316656673,-42.6489062255,-75.5906220798
0.65,4919.97209223,3388.28749664,7862.37900838,98.7736977847,-34.5193200445,-55.5083004671
0.65,5383.69338516,3014.75098909,6682.47515066,80.5711866058,-41.386956687,-87.3874930453
0.65,5073.87366837,3046.77090919,7230.28992731,91.4955313815,-42.7934691593,-71.6011639249
0.65,5261.82433546,3168.23723349,6864.85016797,84.3491788279,-41.1702284073,-81.502880648
0.65,5247.23550482,3075.63306125,6864.85642183,83.4418185046,-39.6608992569,-83.7866008539
0.65,5283.38219127,3037.96748769,6853.69383734,83.05654186,-42.246178494,-83.1546106304
0.65,5085.48792325,3076.93029791,7170.64513629,90.369631632,-42.3313275394,-72.5453645744
0.65,5371.6105254,3023.34566075,6709.80405074,80.9310037495,-42.079764693,-86.2052339814
0.65,5052.13506621,3183.76397058,7160.66765551,88.9539498971,-40.1952457934,-76.2242292513
0.65,5430.73283709,3047.48312537,6955.84077962,87.2232477803,-41.4863714205,-75.9401137373
0.65,4930.15250861,3171.53337892,7597.75301548,97.5499948353,-38.1397701747,-62.95774872
0.65,5096.23924644,3153.9185535,7107.14639432,87.9362643593,-41.2311521958,-76.9079914908
0.65,5217.78372679,3164.84486044,7048.24665475,87.3878887793,-41.3531711412,-75.6835559321
0.65,5088.10456956,3074.44245893,7269.71438532,90.3642613843,-43.6087725108,-72.0061769808
0.65,5306.54028675,3113.19605471,6778.36250637,82.1817487421,-41.5857847862,-84.297722245
0.65,5102.72539704,3045.58152582,7095.8492303,85.769454599,-41.6435970313,-77.8981538312
0.65,5094.43449274,3045.1366538,7203.9710546,92.4468599773,-42.6052210994,-69.8819501261
0.65,5265.8852724,3004.34487375,6893.56962481,84.339717755,-42.4026572113,-82.2510666385
0.65,5151.12013726,3136.6135166,7049.46830161,88.125082949,-42.0410396766,-77.961254607
0.65,5238.96652594,3136.50737115,7036.82583343,86.4142731993,-41.5916280916,-76.4913815257
0.65,5290.88813985,3049.43876072,6901.63778861,85.9272220823,-42.5295822633,-80.6967045674
0.65,5439.59726972,2780.85573408,6814.8859959,87.0347890821,-42.2682588935,-81.6229494764
0.65,5444.7355997,2925.29810977,6740.3558154,82.0434678423,-40.7968732458,-85.7270667053
0.65,4832.60602181,3295.64071596,7891.62059137,100.284893872,-34.4512322953,-54.8623987434
0.65,5102.27335952,3163.86633254,7135.61909358,89.0683874174,-41.1430184231,-73.4590335657
0.65,5110.44202203,3137.90648003,7170.35895378,87.9010666715,-41.8650778783,-74.5211082944
0.65,5000.69398592,3145.38948202,7299.83346228,93.8348408872,-38.4736979756,-72.5838039197
0.65,5390.88448011,2920.12838199,6870.84315575,88.8068780756,-43.0571974091,-78.286134966
0.65,5139.62626844,2932.94860587,7149.6755395,94.9771296338,-39.7392779751,-73.1604163405
0.65,5340.45137534,3016.36854425,6760.3711853,81.9819387981,-42.0726007423,-85.1033906309
0.65,5234.89184281,3152.82270497,6993.04543024,86.8450208468,-41.5252329219,-77.4678668251
0.65,5264.4824388,2864.71837397,6903.3110578,84.3607081038,-41.7459619652,-83.0743638142
0.65,5226.18252675,3114.26760181,6942.70475285,83.8290421843,-41.2753165598,-80.335550668
0.65,5261.53865528,3074.8689654,6854.29430272,83.4862050161,-41.5596080788,-82.985338165
0.65,5287.33668707,2927.52896982,6849.82864166,83.4475838806,-41.3985119729,-84.9591850923
0.65,5361.22697316,2782.37639287,6855.74263031,85.891983624,-42.0886068189,-82.7887524379
0.65,5154.27371479,3018.56778727,7057.49028947,83.5995968806,-41.5069629866,-79.0620327989
0.65,5215.14384926,3204.20709203,6978.7867381,87.3949898168,-40.9193513918,-77.3462702874
0.65,5397.59984954,3011.36348066,6820.02667235,82.4094967711,-42.6099610486,-82.5645432744
0.65,5208.74428725,3084.43477206,6986.57697864,85.7784558876,-42.0045197115,-79.4406707979
0.65,5241.96170591,3197.75586223,6957.9847208,88.0229878899,-41.2591340315,-77.3441448982
13900.0,-30261.1637699,24442.972066,-37001.3895556,-91.8963955921,121.762521309,-318.169758012
0.65,-30260.8614007,24477.9032541,-36948.6397671,-91.8192851903,121.746580909,-319.45314161
0.65,-30266.8103644,24461.0458387,-37015.8525011,-92.3155775215,119.890087134,-319.437649505
0.65,-30360.9757304,24491.9056817,-36915.8285718,-92.0881431957,122.125550756,-318.958212783
0.65,-30328.2471643,24406.8529331,-36941.1847869,-92.1258780612,121.520101622,-319.270748087
0.65,-30444.1860097,24524.3734169,-36966.5902542,-92.1974621886,122.67336465,-318.600296287
0.65,-30307.4227617,24486.3300352,-36944.4425276,-91.9681680581,122.092036205,-319.319391866
0.65,-30271.6661366,24456.6371592,-37017.0003586,-92.0033950747,119.738672691,-319.329173016
0.65,-30381.7950264,24481.306714,-36940.6724057,-92.6677719717,121.608046566,-319.149798053
0.65,-30319.5922301,24466.0362071,-36883.833758,-91.7471623448,121.757714265,-318.704198653
0.65,-30326.8703912,24465.8753573,-36945.7327582,-91.9933636607,122.002605746,-319.302436944
0.65,-30197.3651444,24382.3049358,-37021.5367611,-91.8915772956,122.048377566,-319.258039309
0.65,-30285.3784265,24398.0712878,-36973.1520361,-92.7027290762,120.907969355,-319.299887291
0.65,-30332.5974308,24428.7363138,-36895.506116,-92.0065946212,121.345968487,-318.820488434
0.65,-30267.1482641,24494.8874297,-36955.4496681,-91.9423649695,121.748180081,-319.441711927
0.65,-30319.6570602,24519.0784781,-36960.6303159,-92.2907518965,121.870248389,-319.354682321
0.65,-30268.2524476,24484.8916279,-36991.7592105,-92.1786889409,121.115373516,-319.707971273
0.65,-30380.0603077,24518.2114305,-36944.2962419,-92.7169640648,122.345976631,-319.223215622
0.65,-30446.8627199,24544.6864189,-36941.5995293,-92.9604570303,122.166455274,-319.151501645
0.65,-30447.3936512,24463.3085946,-36950.6097886,-92.7365252152,122.191114658,-319.172613803
0.65,-30263.6740234,24388.3245741,-36975.7035099,-92.8639697356,121.118633538,-319.132500027
0.65,-30365.6068378,24502.8549051,-36941.3971068,-92.6232404681,122.251589811,-319.195427625
0.65,-30267.0379927,24411.0692537,-36997.3972988,-93.2261672613,122.020483651,-319.451792475
0.65,-30478.5633726,24540.8231751,-36938.0735937,-92.6311323269,122.365543476,-318.707986128
0.65,-30289.9812312,24402.5496021,-36971.9609401,-92.6494042632,121.277410693,-319.405537864
0.65,-30419.6960984,24450.8759415,-36955.728189,-92.4655577297,122.211500675,-319.157735131
0.65,-30192.560444,24380.6459633,-37039.0803148,-91.7602870016,122.298764007,-319.107365943
0.65,-30285.3102448,24474.5757957,-36955.8349946,-91.9869893815,122.20918212,-319.479066761
0.65,-30307.3287246,24491.301407,-36972.0424667,-92.1708567168,121.480785285,-319.475156027
0.65,-30413.3804483,24503.6609672,-36940.5494931,-92.9666620271,121.432989764,-318.970600171
0.65,-30378.9302711,24489.042484,-36962.0706034,-92.219292688,122.62590047,-319.167568235
0.65,-30253.888482,24440.6326876,-36995.9732682,-93.3154097406,121.97159449,-321.408007049
0.65,-30348.4424494,24538.876125,-36934.7671258,-92.4064629307,122.57867417,-319.136043188
0.65,-30328.1672396,24469.1712843,-36956.8319833,-92.1746935307,121.964109061,-319.400585273
0.65,-30288.3466153,24511.9225596,-36950.0801128,-91.8307127453,122.905819383,-319.036371381
0.65,-30256.2668063,24459.1330837,-37016.2786025,-90.5470050591,123.573828118,-318.248534241
0.65,-30387.4923055,24509.1776112,-36945.0622454,-92.7465001399,122.261454778,-319.227073388
0.65,-30130.2259411,24365.5613597,-37038.3707002,-91.6709129223,121.703424827,-318.890079979
0.65,-30402.7248528,24503.601441,-36855.5742487,-91.9885531386,121.95674016,-318.022004659
0.65,-30344.0180144,24447.673421,-36942.8267639,-92.1322378662,121.904473632,-319.236480838
0.65,-30315.4618684,24474.4723018,-36979.7840983,-92.019396723,122.138612833,-319.596571288
0.65,-30447.5499719,24570.0374607,-36975.1218446,-93.119281796,121.955603366,-319.198764945
0.65,-30481.8096218,24531.621625,-36989.3192979,-92.5482958833,122.556869371,-318.848426586
0.65,-30226.9855341,24412.8393241,-36989.1604596,-92.7381576219,122.073293,-319.126960763
0.65,-30267.6537208,24408.8269145,-37016.0586452,-93.0167132744,121.990317414,-319.651437773
0.65,-30304.5862442,24497.8043932,-36888.738598,-91.4271066236,122.722154676,-318.445438618
0.65,-30314.0516299,24517.1154788,-36954.4318484,-91.653116023,123.086646582,-318.85396491
0.65,-30249.1720568,24476.4926796,-36926.0586875,-91.4172004846,122.847526049,-318.781825203
0.65,-30252.9921611,24438.1274752,-37005.8885371,-94.303338999,122.641801943,-320.314365683
0.65,-30423.8072889,24528.0959761,-37016.7936088,-92.7859707349,121.429174784,-318.965360503
0.65,-30320.4170703,24516.960334,-36938.7053834,-92.1659478502,122.339724735,-319.212069519
0.65,-30328.9606386,24406.4988047,-36940.9061435,-92.0714669069,121.50114945,-319.194471705
0.65,-30132.4355402,24370.2165143,-37067.1628762,-91.6933783011,121.719824398,-319.093316602
0.65,-30425.9541716,24475.5554537,-36938.2144889,-92.9018256663,122.016308596,-319.175290494
0.65,-30259.3988952,24412.7717192,-37030.0207954,-93.5932396127,121.290944823,-318.670723053
0.65,-30358.160015,24540.9611762,-36960.6775997,-92.5329341724,122.042402031,-319.314302097
0.65,-30323.4321281,24432.4589486,-36903.3206154,-91.8965792717,121.388575401,-318.867488706
0.65,-30246.78195,24456.6150165,-37036.5529218,-91.7473044222,123.580718117,-317.810040496
0.65,-30208.9801279,24403.1207061,-36985.0868491,-92.6983629662,121.701749495,-318.665253314
0.65,-30132.2000565,24378.1635574,-37112.4161061,-92.1028207678,120.985295644,-318.802618594
0.65,-30233.5410559,24387.1835903,-36969.3106246,-92.869942625,121.088055042,-318.670875705
0.65,-30373.7069577,24416.0512129,-36933.2779317,-92.7049616933,121.305803105,-319.084073646
0.65,-30275.0902894,24483.3076187,-36974.9046726,-92.0489028725,121.403492549,-319.662457861
0.65,-30353.0740466,24426.9701597,-36949.2413078,-92.6589037416,121.516365763,-319.227192694
0.65,-30268.2811009,24424.0186051,-36973.1977186,-91.8272420664,121.970176531,-319.946356955
0.65,-30420.5354176,24557.4322253,-36990.0624212,-92.9752715018,121.770871084,-319.229154922
0.65,-30248.3390174,24397.5049136,-36976.6290095,-91.8924709467,121.978807062,-319.572173479
0.65,-30425.2037697,24518.9265174,-36905.8331408,-92.050262029,122.25031887,-318.094250663
0.65,-30359.3661923,24501.3687372,-36916.4068091,-92.0859343143,122.227000658,-318.976750451
0.65,-30327.3050474,24535.5584913,-36912.6152013,-91.9018791792,122.966082406,-318.768118584
0.65,-30360.267526,24454.1885804,-36937.4074976,-92.1139549317,120.936788077,-318.553294801
0.65,-30303.5135934,24516.9276803,-36931.7254054,-91.9837945194,122.166510942,-319.173748313
0.65,-30200.3528659,24429.9919106,-36962.1112354,-92.206109746,122.419166684,-318.628881145
0.65,-30178.6210489,24383.9131837,-37038.9317947,-91.8913629032,121.980328046,-319.193871203
0.65,-30297.9552863,24501.1890293,-36937.303029,-91.9240355349,122.123826305,-319.249027797
0.65,-30463.3552511,24520.2791631,-36943.8377513,-92.5916501323,122.291456134,-318.891824136
0.65,-30384.7650798,24488.47446,-36935.0604882,-92.4319750356,122.027381726,-319.143549826
0.65,-30446.0300635,24519.0965397,-36945.4453995,-92.386482088,122.710111921,-318.837376436
0.65,-30412.079362,24518.7406108,-36863.2808353,-91.8876724293,122.403248145,-317.712404618
0.65,-30328.7862814,24448.6456939,-37007.4081922,-91.9544118437,120.542567688,-318.936723669
0.65,-30339.7451631,24420.2883781,-36929.8442644,-92.2012650644,121.563149044,-319.143258994
0.65,-30392.8349563,24494.0171559,-36932.4107881,-92.4662635251,122.037176833,-319.115416017
0.65,-30372.4499261,24438.523021,-36939.2736922,-92.5506370472,121.520746041,-319.174942894
0.65,-30298.9427905,24520.8674104,-36910.2518458,-91.8126391685,122.369853263,-318.966268748
0.65,-30355.5452268,24512.6432103,-36946.9269612,-92.4213852875,122.041909461,-319.259189425
0.65,-30260.6104013,24458.4736913,-36978.4616375,-92.041802918,121.319966191,-320.151336346
0.65,-30382.6092016,24479.8220062,-36858.6662732,-92.0888775282,121.597216095,-318.313555316
0.65,-30320.8216704,24426.9805,-36941.3885137,-92.0860892434,121.410450145,-319.269043592
0.65,-30350.8909702,24411.427648,-36909.5678575,-92.5440225567,120.74913161,-318.696720376
0.65,-30354.6428864,24503.9676703,-36946.2332551,-92.4638784503,122.19388758,-319.250101553
0.65,-30211.8641735,24406.5868877,-36987.9368636,-92.5481485794,121.955128835,-318.932710237
0.65,-30313.4010103,24431.1615066,-36975.2417683,-92.3910287942,121.614733198,-319.577032476
0.65,-30264.1679774,24425.8589635,-37033.8660996,-93.5545753604,120.755720558,-318.221819218
0.65,-30302.2118576,24508.673294,-36888.8267886,-91.4656448046,122.927807565,-318.364053697
0.65,-30323.9514076,24391.5484118,-36938.7442529,-92.0776430524,121.485862028,-319.189975303
0.65,-30454.2141644,24504.8622282,-36940.637428,-92.7826311285,122.262661375,-319.114856515
0.65,-30389.8040635,24468.7691936,-36918.3667932,-92.7889814692,120.925895205,-318.547931436
0.65,-30338.7894409,24431.8312675,-36963.6290219,-92.6394300712,120.995770481,-319.214885174
0.65,-30325.4088349,24435.2690027,-36973.4103777,-91.5039845969,122.505027001,-319.15435654
0.65,-30288.976856,24436.3858196,-36962.1137786,-91.834342637,121.782363912,-319.676844037
0.65,-30357.0651873,24411.4844662,-36923.923733,-92.6574575435,120.943417516,-318.907226911
369000.0,324.645977069,969.023768855,428.247466145,-33.2648308047,265.872135273,-58.0358849692
0.65,309.615849995,1484.49075553,-528.843354072,-37.7335210286,204.96693511,-91.552909005
0.65,379.847023127,-236.317373908,448.200436097,10.6307634167,307.181512728,61.2680093343
0.65,227.306135674,1670.4796107,-578.277239925,-49.2608465053,187.138880161,-79.7138955066
0.65,290.923097779,1915.94164409,-552.984540414,-35.9982921032,171.224430167,-76.9019071687
0.65,234.237919406,2076.86081491,-726.15747273,-39.7281520465,150.268770487,-40.2441247921
0.65,379.41284879,-395.548724253,507.949006815,37.6001443629,297.944036092,1.90421593838
0.65,218.195283405,1665.69395687,-545.832525525,-49.9924040934,188.682755411,-85.5867106642
0.65,230.209619269,1657.71162009,-573.247513184,-49.4631695274,188.246669924,-80.8971830369
0.65,299.920261429,1889.01733744,-668.127816152,-32.1484296592,171.857262336,-56.0782762802
0.65,375.625825846,1735.42986472,-427.889517599,-24.5177646537,190.546585385,-97.4039229642
0.65,328.382223488,1443.86219713,-544.245672433,-30.0640024197,207.901004203,-91.3645330129
0.65,136.913432869,2178.57809165,-577.444355541,-42.4681671848,146.562691374,-63.8544340294
0.65,221.475091863,2041.39139966,-727.712868432,-39.1957402445,154.60781623,-39.1016938727
0.65,109.892370585,1897.43963201,-308.164450075,-50.5795022205,177.895976564,-105.479318005
0.65,305.412761726,1598.13064171,-603.905081131,-35.3514691106,195.485646824,-76.6335197257
0.65,279.044610818,1816.33619603,-695.55997636,-35.5851786936,175.759944026,-52.5655567992
0.65,253.325399297,1675.38298623,-604.04901873,-46.749995601,187.131298447,-75.1154764253
0.65,311.786360989,1598.11234013,-589.740234141,-36.5809607193,195.289453664,-78.7818890864
0.65,148.283547997,2003.64291314,-658.905372792,-47.2052233259,158.293538344,-56.9163842246
0.65,304.370813023,1559.08932607,-552.469051528,-43.0706253753,197.987728105,-86.1607535674
0.65,362.780128536,1347.91737512,-323.689188057,-40.5122702892,217.504629095,-120.210094319
0.65,273.818246468,1513.65821587,-503.331249553,-41.7898924342,202.264751378,-95.9086484917
0.65,271.286749393,1521.15629831,-512.352815953,-43.1803957175,201.460574834,-94.3233096175
0.65,296.979332949,1686.35083313,-662.416900313,-32.1791402084,186.933208943,-65.054517951
0.65,261.89070067,1763.38400843,-671.099642825,-41.3682272539,179.244573953,-59.4551855285
0.65,427.303118892,-233.215199259,508.844226901,18.3955845567,301.678462596,-8.35128567426
0.65,164.864089974,2078.52228724,-681.208870334,-43.0427893688,151.894014651,-49.1885147802
0.65,210.945863563,1843.81962044,-631.478739164,-41.9359845332,173.530419193,-65.0568998146
0.65,293.515034436,1808.96100436,-702.755255872,-33.7410485429,176.231834371,-50.8393173738
0.65,389.922969484,1690.84008289,-605.440440888,-22.121965056,189.131113493,-73.6017352474
0.65,235.089451246,1680.13615039,-582.72710307,-49.0070011329,186.888716199,-78.9042339148
0.65,359.385261519,-891.256870646,-292.517053263,25.472694603,259.216979575,147.561315243
0.65,340.469544689,1728.23147063,-652.878921716,-28.60177778,184.902536804,-63.6100425822
0.65,303.182998612,1713.56097695,-657.618746734,-35.0777437144,184.582748463,-63.1602884346
0.65,235.956347835,1806.59298836,-690.420456205,-40.2557985444,175.244606944,-57.0923823575
0.65,334.854305145,1465.26960045,-511.47944541,-37.1616129643,206.506537264,-94.0131876199
0.65,301.989409703,1727.57525252,-611.860405229,-37.8134290465,184.697348299,-72.122666408
0.65,301.215003292,1763.12052271,-643.593039178,-34.2509253507,182.342156351,-64.6274051285
0.65,71.8696522897,2068.5653819,-286.148792316,-54.436412614,159.664878886,-102.363760687
0.65,319.030013905,-920.229208089,470.521972699,46.4695215996,275.825548505,46.1438189129
0.65,388.867168074,1238.00170316,-364.158038688,-35.0955855142,225.486136441,-118.182517063
0.65,262.553614511,1679.44954869,-615.31633422,-43.0622890606,187.202035369,-72.8651881401
0.65,308.4173975,2012.88607421,-711.333693284,-30.1677438816,159.218490265,-43.3618517086
0.65,322.488229338,1538.49165406,-567.174760121,-32.8119740776,200.165123602,-83.4315837991
0.65,310.748387627,1704.70607422,-637.600475726,-33.4784592506,186.95523251,-67.303398763
0.65,304.057541345,1599.10858527,-572.488948143,-40.3583531055,195.088511239,-81.8626119757
0.65,221.530686825,1812.1044405,-618.747842355,-45.8637069308,176.747941714,-68.9810716654
0.65,315.028032122,1606.42466762,-584.159635865,-41.1341609082,193.674172167,-80.2777151515
0.65,356.89515832,1796.39136633,-654.650521905,-29.565960295,178.087788339,-63.7080614395
0.65,213.949420761,-1215.53598414,485.144038017,59.3791721226,258.604836202,41.3884690035
0.65,231.254623339,2105.09831667,-725.434583316,-39.1115557781,147.675296068,-39.5217669278
0.65,255.6948799,1806.69153876,-672.605528354,-36.3465250674,176.380646306,-60.2627412118
0.65,263.858882583,1701.23222031,-635.949458015,-42.7666600271,184.77416117,-68.2185806818
0.65,406.737165647,1635.00694894,-529.68848783,-19.7778892581,195.41309664,-86.8320540222
0.65,377.243557079,1772.95091274,-603.268864124,-22.5756098619,183.445631447,-71.1385571211
0.65,365.505974457,-428.707709518,500.099733042,42.6440451596,295.401580222,-34.9132803143
0.65,398.838951891,1562.19917208,-443.456807053,-21.3211067644,203.028843231,-99.9237216963
0.65,355.637147953,1659.83981882,-291.601899073,-27.7378271637,199.920513944,-112.671088638
0.65,398.552766674,1601.31622991,-554.248386195,-22.8720371573,196.718729347,-84.7437004708
0.65,322.295174151,1603.87926411,-625.798451209,-30.4234530776,194.76027125,-72.7361970779
0.65,284.599645904,1677.87803201,-621.869377311,-39.2714508825,188.151856773,-71.3750898585
0.65,261.187455538,1858.20433653,-722.659357251,-34.960352774,171.069323003,-47.4215562818
0.65,285.165441766,1857.74771077,-658.669275795,-34.8610981656,174.348329022,-59.0996892477
0.65,404.43131487,-310.922681376,507.014636378,27.0286521305,300.812576773,1.92646626353
0.65,286.619514496,1747.19135274,-646.385627993,-37.5987549869,181.620311381,-63.8874120849
0.65,223.441384184,1911.1591467,-718.073576518,-38.9630614508,165.403718898,-49.3202956503
0.65,392.158420005,15.4464018341,363.173062649,34.1539470809,302.80301849,-100.095102768
0.65,246.348512021,1779.12169258,-667.33341777,-44.5725435556,177.546975204,-60.1216729473
0.65,304.517547123,1797.82268674,-579.314933815,-35.2488520898,179.755149965,-73.9903682951
0.65,290.297698644,1632.44732302,-586.865817441,-41.1270791085,192.366924322,-78.6607905475
0.65,154.150178837,2073.81085134,-649.111370029,-44.6568974906,153.333160786,-55.5953916856
0.65,200.102259027,2041.16308662,-768.938968437,-39.6891205839,152.042983613,-30.8257364549
0.65,243.276578171,1851.63636622,-706.72927084,-42.1118034279,170.883271994,-49.1713692427
0.65,383.240967722,1587.23394226,-432.230625994,-23.9011285439,201.550796797,-100.613918756
0.65,230.355528683,1698.29626733,-585.825802359,-48.6237123003,185.51885381,-77.9617132501
0.65,349.576596019,1587.42075889,-578.275678574,-30.2378029939,196.911546342,-80.5669468483
0.65,288.990749042,1735.9816673,-649.188640818,-37.8851494671,183.067423216,-64.5700295517
0.65,171.773114592,2060.54464552,-742.052090164,-43.3110406005,150.736370467,-36.6432578621
0.65,264.381606676,1845.725493,-710.433086361,-37.9780301117,172.199405775,-48.25527368
0.65,287.307457988,1622.13023772,-581.260705375,-43.0197824703,192.722743489,-79.992185766
0.65,235.348826081,1927.51801845,-688.568263849,-40.2720749013,166.201991998,-51.4840710225
0.65,414.253014849,-138.700209459,490.701661162,24.1223384058,303.342964755,-33.5228239349
0.65,237.705689027,2149.05834121,-699.269094905,-36.1794984472,144.971408609,-44.0888068711
0.65,198.951954795,2138.67374642,-667.666940971,-40.2031642345,147.021965167,-49.9572640039
0.65,371.493092672,1884.44126603,-612.024213937,-23.8190498697,173.70358608,-66.9506276446
0.65,401.285208015,-232.39037366,437.25207904,-1.32101390704,303.801007321,65.1743010768
0.65,184.898105904,2162.39554292,-704.000595577,-40.7592213965,142.945764699,-41.588491088
0.65,282.667606531,1654.31462198,-588.147322352,-41.6520105371,190.766290349,-77.927639665
0.65,326.564074208,1678.20563352,-637.224884911,-31.8750864282,188.581561737,-68.0636333137
0.65,290.999377151,1976.79965052,-523.443311917,-31.8091388776,168.852702076,-77.7572678534
0.65,215.024002599,1829.14042059,-636.701057141,-44.2617613497,174.722132053,-65.6256943365
0.65,166.869300408,1973.85963155,-655.068744976,-44.6809922065,161.135729441,-59.7773714521
0.65,223.573929168,1657.02854181,-558.806638463,-50.1569680272,188.520751617,-83.2450522239
0.65,225.872239951,1814.16040253,-641.181530121,-41.871262329,175.691902557,-63.6827220403
0.65,344.458900288,-641.21285358,521.211992034,46.9019370962,287.098692724,-9.2908392731
0.65,307.304168906,1854.81424219,-691.592515886,-32.6677548771,173.109029723,-52.4133526382
0.65,204.410111606,2021.92933755,-691.498997648,-42.3280471041,155.67065801,-44.3599096812
0.65,220.935073983,1857.13397265,-703.673733662,-41.63587459,170.618888459,-52.1773365828
0.65,332.122808188,1964.19282071,-700.743930513,-28.0660698797,164.002584846,-47.3178008867
0.65,323.854564717,-669.886804606,527.206430525,56.2042384179,284.018937738,-10.9857162229
